GP,Min_per,Ortg,usg,eFG,TS_per,ORB_per,DRB_per,AST_per,TO_per,FTM,FTA,FT_per,twoPM,twoPA,twoP_per,TPM,TPA,TP_per,blk_per,stl_per,ftr,yr,porpag,adjoe,pfr,ast/tov,drtg,adrtg,dporpag,stops,bpm,obpm,dbpm,gbpm,mp,ogbpm,dgbpm,oreb,dreb,treb,ast,stl,blk,pts,height_wo_shoes,height_w_shoes,weight,wingspan,standing_reach,body_fat_pct
37,79.1,121.3,24.7,61.8,64.17,6.5,18.6,8.9,12.1,94,118,0.797,168,287,0.585,77,172,0.448,1.2,2.5,25.7,5,5.06887,131.119,2.8,0.76788899,95.0436,92.7825,3.81102,221.09,7.16881,5.51562,1.65319,9.26679,31.8378,8.10676,1.16003,1.6757,5.2432,6.9189,1.1622,0.6216,1.2162,17.8649,80.0,80.75,228,83.75,106.0,4.0
33,28.5,94.7,23.4,45.8,48.2,2.1,10.0,16.5,15.8,50,75,66.7,100,240,41.7,20,80,25.0,0.3,1.0,0.2,1,1.5,98.0,0.14,0.8,110.0,112.0,1.2,0.8,-0.5,-0.8,0.3,-0.2,900.0,-0.6,0.2,15.0,100.0,115.0,110.0,20.0,5.0,350.0,77.0,78.0,200,80.0,98.0,7.0
37,84.0,114.1,22.8,51.6,57.87,3.2,10.0,28.8,19.8,143,174,0.822,160,320,0.5,23,57,0.404,1.7,2.8,46.2,5,4.39339,125.112,2.0,1.90907054,100.791,94.6415,4.06009,235.269,7.76378,4.95128,2.8125,8.11177,33.7297,5.06269,3.04908,0.8919,3.2432,4.1351,5.1081,1.6486,0.4865,14.3784,76.5,78.0,180,83.5,104.0,3.0
